{
  "model": "deeplabv3plus",
  "per_class": {
    "background": {
      "dice": 0.9977126453502912,
      "iou": 0.9954357308029529,
      "sensitivity": 0.9979475029457352,
      "specificity": 0.979255449682223
    },
    "left_lung": {
      "dice": 0.9782508902737592,
      "iou": 0.9574276903807274,
      "sensitivity": 0.9805309940161506,
      "specificity": 0.9986843617310931
    },
    "right_lung": {
      "dice": 0.9599008628560197,
      "iou": 0.9228936248248625,
      "sensitivity": 0.9778412025913341,
      "specificity": 0.996819853057505
    },
    "infection": {
      "dice": 0.634872552175038,
      "iou": 0.46506467450095695,
      "sensitivity": 0.5004825726595226,
      "specificity": 0.9995374008175325
    }
  },
  "mean_fg_dice": 0.8576747684349391,
  "mean_fg_iou": 0.7817953299021823,
  "confusion_matrix": [
    [
      14810486,
      12677,
      16971,
      813
    ],
    [
      14851,
      843894,
      1,
      1904
    ],
    [
      13766,
      0,
      825341,
      4937
    ],
    [
      8831,
      8091,
      33281,
      50300
    ]
  ]
}