{
  "model": "unet",
  "per_class": {
    "background": {
      "dice": 0.9980990701514251,
      "iou": 0.9962053536593438,
      "sensitivity": 0.9978832887146623,
      "specificity": 0.9861527578430498
    },
    "left_lung": {
      "dice": 0.9796941472462876,
      "iou": 0.960196537736388,
      "sensitivity": 0.976373671062569,
      "specificity": 0.999081435145457
    },
    "right_lung": {
      "dice": 0.9711548435378375,
      "iou": 0.9439271181265977,
      "sensitivity": 0.9816822345754487,
      "specificity": 0.9978635750944495
    },
    "infection": {
      "dice": 0.7943044142841023,
      "iou": 0.6587934995320344,
      "sensitivity": 0.7704048635364118,
      "specificity": 0.9989709072014799
    }
  },
  "mean_fg_dice": 0.9150511350227424,
  "mean_fg_iou": 0.8543057184650067,
  "confusion_matrix": [
    [
      14809533,
      12674,
      16671,
      2069
    ],
    [
      11583,
      840316,
      0,
      8751
    ],
    [
      9251,
      3,
      828583,
      6207
    ],
    [
      4163,
      1823,
      17089,
      77428
    ]
  ]
}